word,word_count,cluster,distance_to_cluster_centroid,pca_x,pca_y
hours,58,2,1.8918228149414062,4.206105709075928,3.077941656112671
minutes,30,2,3.190124988555908,3.724449634552002,3.3216328620910645
says,26,1,4.601475238800049,0.3226710259914398,-1.3353044986724854
£,17,3,6.917177677154541,-0.12853534519672394,2.1755621433258057
m,17,3,5.184279441833496,-0.4707167148590088,1.365627408027649
cut,17,1,4.973084449768066,0.8975323438644409,-0.5390392541885376
UK,15,4,4.775652885437012,-1.2176182270050049,-0.9901936054229736
abuse,15,0,5.538633823394775,0.7610892057418823,-2.015515089035034
58,15,3,3.792004346847534,0.010795289650559425,2.0879576206207275
3,15,3,3.9281444549560547,0.3854249119758606,2.131455183029175
baby,13,1,5.971395969390869,0.6364902853965759,-0.7843353748321533
hour,13,2,2.7268035411834717,3.5586555004119873,2.6255948543548584
NHS,12,4,5.625980854034424,-2.015104293823242,-0.8029899597167969
Symonds,11,4,5.4331254959106445,-3.2494702339172363,0.9381588697433472
76,11,3,4.198736190795898,-0.3433968424797058,1.8927361965179443
BBC,11,4,4.706283092498779,-2.2090086936950684,-0.13944189250469208
pledges,11,1,5.4998674392700195,-0.010067044757306576,-1.2939794063568115
support,11,1,5.094395160675049,0.8132799863815308,-1.9509857892990112
ensure,10,1,4.8872761726379395,1.344590663909912,-1.897340178489685
vulnerable'The,10,-1,0.0,-1.5349303483963013,0.8428287506103516
accommodation,10,3,7.608358383178711,0.3253149390220642,-0.454831063747406
safe,10,1,4.907501220703125,1.315693736076355,-1.5050336122512817
communities,10,0,5.798790454864502,0.7442174553871155,-3.023667097091675
funds,10,0,5.790597915649414,0.8521102666854858,-2.1863608360290527
east,10,3,6.0313897132873535,0.4143710434436798,-0.4248186945915222
survivors,10,0,5.107974052429199,0.9171805381774902,-1.5501134395599365
injured,10,0,5.278475284576416,1.4862174987792969,-0.9134334921836853
secretary,9,1,6.432406425476074,-0.17412644624710083,-1.1232340335845947
patients,9,0,6.342289924621582,2.0515363216400146,-1.2197048664093018
people,8,1,4.265174865722656,1.7877838611602783,-1.7920548915863037
"8,000",8,0,5.684133529663086,0.33215561509132385,0.45664191246032715
breaking,8,1,4.329072952270508,0.7028655409812927,-0.7614568471908569
Royce,8,4,6.3105316162109375,-2.226379156112671,-0.0946747437119484
day,7,1,4.282262802124023,2.4572227001190186,0.5917937159538269
production,7,1,6.06309700012207,0.4432736933231354,-1.0105527639389038
firm,7,1,6.048591613769531,0.544087827205658,-1.502842903137207
home,7,1,4.718161106109619,1.2828917503356934,-1.0771708488464355
questions,7,1,5.152284145355225,1.0043925046920776,-0.9614647030830383
pandemic.1han,7,-1,0.0,-1.5349303483963013,0.8428287506103516
jobs'The,7,-1,0.0,-1.5349303483963013,0.8428287506103516
lots,7,1,4.446624279022217,0.9632954001426697,-0.5337794423103333
needs,7,1,3.777895927429199,1.094515323638916,-1.8142069578170776
manufacturers,7,1,6.363792896270752,-0.39776611328125,-1.7315603494644165
met,7,1,5.118342399597168,0.7738603353500366,-0.761266827583313
action,7,1,5.121387958526611,0.7580378651618958,-1.1486573219299316
Covid-19,7,-1,0.0,-1.5349303483963013,0.8428287506103516
aircraft,7,0,7.326201438903809,0.7993442416191101,-0.7030421495437622
biggest,7,1,4.838437080383301,0.3474181294441223,-1.4781593084335327
"100,000-a",7,-1,0.0,-1.5349303483963013,0.8428287506103516
testingThe,7,-1,0.0,-1.5349303483963013,0.8428287506103516
come,7,1,3.698403835296631,1.0734554529190063,-1.2948975563049316
strategy.15h15,7,-1,0.0,-1.5349303483963013,0.8428287506103516
stories,7,1,5.614729881286621,0.5178363919258118,-1.3180783987045288
challenge,7,1,4.733193874359131,0.7700043320655823,-1.2453281879425049
amid,7,1,4.861536502838135,0.643503725528717,-0.9707600474357605
target,7,1,5.428489685058594,0.5494169592857361,-0.9653376936912537
passengers,6,0,6.2055182456970215,1.8036662340164185,-0.15983377397060394
global,6,1,5.958187103271484,0.16544543206691742,-2.172271490097046
start,6,1,4.228344440460205,1.4298292398452759,-0.3433453440666199
told,6,1,4.874373435974121,1.251633882522583,-1.2688266038894653
donates,6,0,5.826337814331055,-0.23205554485321045,-1.1848419904708862
tips,6,1,5.7758402824401855,0.3764454424381256,-0.6966713666915894
Johnson,6,4,4.776793956756592,-1.8375873565673828,-0.3098016083240509
arrests,6,0,5.835192680358887,0.5220855474472046,-0.5833471417427063
paramedics,6,0,5.4835004806518555,0.9156378507614136,-0.4624905586242676
close,6,1,3.9910943508148193,1.2532061338424683,-0.42143407464027405
vaccine,6,0,7.394301891326904,0.3395935297012329,-1.575924038887024
city,6,1,5.660522937774658,1.0560479164123535,-1.5445092916488647
Rowling,6,4,6.977991104125977,-3.3220341205596924,0.886516273021698
boy,6,1,5.432188987731934,0.3473851978778839,-0.7965406179428101
news,6,1,5.211368560791016,0.264727383852005,-1.3160842657089233
cover,6,1,5.478886604309082,0.20864222943782806,-0.4135655164718628
build,6,1,5.373376846313477,0.6783691644668579,-1.3332372903823853
worker,6,0,5.148797988891602,0.9186326265335083,-1.473320722579956
News,6,1,5.211368560791016,0.264727383852005,-1.3160842657089233
Carrie,6,4,4.390024185180664,-1.928256869316101,0.060691267251968384
Covid,6,-1,0.0,-1.5349303483963013,0.8428287506103516
1,6,3,4.250961780548096,0.07431664317846298,2.11004900932312
R,6,3,6.079874038696289,-1.0589194297790527,0.07391420751810074
stab,6,1,5.374055862426758,-0.3478732407093048,-0.15321265161037445
boarding,5,0,5.915807723999023,0.484249085187912,-0.46466630697250366
antibodies,5,1,8.566743850708008,-0.20134152472019196,0.0018038363195955753
charitiesThe,5,-1,0.0,-1.5349303483963013,0.8428287506103516
ill,5,0,4.956212997436523,0.5727335810661316,-1.2673572301864624
Nicholas,5,4,4.011115074157715,-2.119121789932251,0.05943720042705536
lined,5,1,6.284673690795898,0.002043622313067317,0.04510873928666115
built,5,1,5.690915107727051,0.3960467576980591,-0.8627365231513977
centres,5,1,6.1532816886901855,0.7670748829841614,-0.47710275650024414
lockdown?After,5,-1,0.0,-1.5349303483963013,0.8428287506103516
aspects,5,1,4.929970741271973,0.3214852511882782,-1.874193787574768
lockdown.2h2,5,-1,0.0,-1.5349303483963013,0.8428287506103516
interest,5,1,4.630266189575195,0.9242573976516724,-1.4942831993103027
Potter,5,4,5.850711345672607,-1.6630196571350098,0.1544758528470993
leaving,5,1,4.10369873046875,1.4722295999526978,-0.633410632610321
life,5,1,4.567507266998291,1.5281001329421997,-1.410038709640503
lineTina,5,-1,0.0,-1.5349303483963013,0.8428287506103516
agoHealth,5,-1,0.0,-1.5349303483963013,0.8428287506103516
hoped,5,1,3.999027729034424,0.6067338585853577,-1.385712742805481
Wilfred,5,4,4.443697452545166,-2.4185116291046143,0.43620985746383667
contentIs,5,-1,0.0,-1.5349303483963013,0.8428287506103516
coronavirus.16h16,5,-1,0.0,-1.5349303483963013,0.8428287506103516
agoExplainersWhy,5,-1,0.0,-1.5349303483963013,0.8428287506103516
agoDerbyVideo,5,-1,0.0,-1.5349303483963013,0.8428287506103516
creator,5,1,6.176514625549316,-1.105370283126831,-0.6731712222099304
ago,5,2,5.378772735595703,1.8806564807891846,1.7880568504333496
agoHealthQueues,5,-1,0.0,-1.5349303483963013,0.8428287506103516
contact,5,1,5.798418045043945,0.6209255456924438,-0.8261330723762512
comply,5,1,5.881174564361572,0.14722076058387756,-1.2862491607666016
denied,5,0,5.298924922943115,0.5262616872787476,-1.423927903175354
WorldRelated,5,-1,0.0,-1.5349303483963013,0.8428287506103516
WorldLiveLiveGovernment,5,-1,0.0,-1.5349303483963013,0.8428287506103516
domestic,5,0,5.4981842041015625,0.6919667720794678,-1.8862171173095703
agoLondonJK,5,-1,0.0,-1.5349303483963013,0.8428287506103516
homeless,5,0,5.33273983001709,0.6265228986740112,-2.1131200790405273
agoManchesterEurostar,5,-1,0.0,-1.5349303483963013,0.8428287506103516
everyday,5,1,5.006903171539307,1.1848455667495728,-0.841771125793457
Upminster.2h2,5,-1,0.0,-1.5349303483963013,0.8428287506103516
facesThose,5,-1,0.0,-1.5349303483963013,0.8428287506103516
fatally,5,0,5.970114707946777,0.21953241527080536,0.27421456575393677
father,5,1,5.568460941314697,0.6985211372375488,-1.4234484434127808
clear,5,1,4.308570384979248,0.969655454158783,-1.0044186115264893
found,5,1,4.106996059417725,0.8684409856796265,-0.5743438005447388
StoriesLiveLiveGovernment,5,-1,0.0,-1.5349303483963013,0.8428287506103516
help,5,1,4.386264324188232,1.1963109970092773,-2.135648012161255
helping,5,1,4.353470802307129,1.1081269979476929,-2.2856292724609375
agoUKBoy,5,-1,0.0,-1.5349303483963013,0.8428287506103516
agoUKThousands,5,-1,0.0,-1.5349303483963013,0.8428287506103516
happier,5,1,5.010663032531738,0.3061886727809906,-0.8948023915290833
crucial,5,1,4.562056064605713,0.7826930284500122,-1.7249126434326172
money,5,1,5.036731719970703,1.0069500207901,-1.867913007736206
property,5,1,6.2265472412109375,0.6265272498130798,-1.4910234212875366
recycling,5,1,6.369140148162842,-0.04406384378671646,-1.3949577808380127
reopenCars,5,-1,0.0,-1.5349303483963013,0.8428287506103516
Harry,5,4,5.0434465408325195,-1.8750642538070679,0.032618455588817596
restrictions,5,1,5.744174957275391,0.453479528427124,-1.3565542697906494
Gomoh,5,-1,0.0,-1.5349303483963013,0.8428287506103516
rule.4h4,5,-1,0.0,-1.5349303483963013,0.8428287506103516
say.3h3,5,-1,0.0,-1.5349303483963013,0.8428287506103516
seconds,5,2,5.558126449584961,2.130505323410034,2.699084520339966
seconds3:58Video,5,-1,0.0,-1.5349303483963013,0.8428287506103516
secondsVideo,5,-1,0.0,-1.5349303483963013,0.8428287506103516
Coronavirus,5,-1,0.0,-1.5349303483963013,0.8428287506103516
Continent,5,1,5.748276710510254,-0.027988048270344734,-1.3078051805496216
shot,5,1,6.067957878112793,1.2418465614318848,0.030621182173490524
CommentsTwo,5,-1,0.0,-1.5349303483963013,0.8428287506103516
signal,5,1,7.0784807205200195,0.3245166838169098,-0.24694181978702545
sonCarrie,5,-1,0.0,-1.5349303483963013,0.8428287506103516
stabbed,5,0,5.970114707946777,0.21953241527080536,0.27421456575393677
Brennan,5,4,4.957550048828125,-2.5429041385650635,0.08416470140218735
time,5,1,3.5938527584075928,2.172926187515259,-0.07904044538736343
train,5,1,5.833178997039795,1.4520295858383179,-0.1738201230764389
transformed.19h19,5,-1,0.0,-1.5349303483963013,0.8428287506103516
travelling,5,1,5.453822135925293,0.8620479106903076,-0.3898325264453888
30,5,3,4.14639949798584,1.1470582485198975,2.0904197692871094
trialIt,5,-1,0.0,-1.5349303483963013,0.8428287506103516
victims.4h4,5,-1,0.0,-1.5349303483963013,0.8428287506103516
11,5,3,4.104917049407959,0.4672425091266632,2.020355224609375
virus,5,1,7.601245403289795,-0.018010560423135757,-1.3214123249053955
we?Tracking,5,-1,0.0,-1.5349303483963013,0.8428287506103516
weeks,5,2,4.673937797546387,2.559171676635742,1.3892982006072998
recovered,5,0,5.306611061096191,0.8563506007194519,-0.3152625858783722
secondsTwelve,5,-1,0.0,-1.5349303483963013,0.8428287506103516
opened,5,1,4.877049922943115,0.6747565865516663,-0.22530093789100647
Lawrie,5,4,5.683297634124756,-2.63563871383667,0.2992302477359772
pair,5,1,5.773255825042725,0.1756409853696823,0.15979677438735962
murderDavid,5,-1,0.0,-1.5349303483963013,0.8428287506103516
police,5,0,5.693695068359375,1.6896673440933228,-1.7269484996795654
outbreakBoris,5,-1,0.0,-1.5349303483963013,0.8428287506103516
others.5h5,5,-1,0.0,-1.5349303483963013,0.8428287506103516
London,5,4,5.067295551300049,-1.1142723560333252,-0.44324541091918945
LondonPolice,5,-1,0.0,-1.5349303483963013,0.8428287506103516
Johnson.1han,5,-1,0.0,-1.5349303483963013,0.8428287506103516
number?How,5,-1,0.0,-1.5349303483963013,0.8428287506103516
point,5,1,3.9205527305603027,1.2876098155975342,-0.5034837126731873
plasma,5,1,7.789971351623535,-0.13270515203475952,0.0619782991707325
agoHealthRolls,4,-1,0.0,-1.5349303483963013,0.8428287506103516
seriously,4,1,3.9371213912963867,0.7890853881835938,-1.489869475364685
HomeYour,4,-1,0.0,-1.5349303483963013,0.8428287506103516
care,4,1,5.097537994384766,1.2771810293197632,-2.233041286468506
tests,3,1,6.133163928985596,0.8289670944213867,-0.7770048379898071
★,3,3,6.9197306632995605,-1.2114741802215576,2.169785499572754
cases,3,0,5.150984764099121,1.0871763229370117,-1.4146411418914795
Coach,3,1,7.033976078033447,0.6397449970245361,-0.7405544519424438
CheckSpecial,3,-1,0.0,-1.5349303483963013,0.8428287506103516
lockdown,3,0,5.481675148010254,1.228158950805664,-0.7893394827842712
nations,3,1,6.339447498321533,0.3848629593849182,-2.212848424911499
agoScotland,3,-1,0.0,-1.5349303483963013,0.8428287506103516
changing,3,1,4.254987716674805,0.6085748672485352,-1.2889964580535889
Body,3,1,5.769169330596924,0.9440768957138062,-0.9759691953659058
PicturesNewsbeatReality,3,-1,0.0,-1.5349303483963013,0.8428287506103516
super,3,1,5.564599514007568,-0.2108011394739151,-0.4551381766796112
agoLondonAre,3,-1,0.0,-1.5349303483963013,0.8428287506103516
AudioIn,3,-1,0.0,-1.5349303483963013,0.8428287506103516
ArtsStoriesVideo,3,-1,0.0,-1.5349303483963013,0.8428287506103516
Scotland,3,4,5.209347248077393,-1.9228873252868652,-0.5714702010154724
IrelandScotlandAlbaWalesCymruLocal,3,-1,0.0,-1.5349303483963013,0.8428287506103516
Latest,3,1,4.822266101837158,0.024573827162384987,-0.7283433079719543
grateful,3,1,4.94292688369751,0.48951587080955505,-1.2996294498443604
ReportsLong,3,-1,0.0,-1.5349303483963013,0.8428287506103516
England,3,4,4.417917251586914,-1.6466599702835083,-0.9468078017234802
EducationEntertainment,3,-1,0.0,-1.5349303483963013,0.8428287506103516
nationClose,3,-1,0.0,-1.5349303483963013,0.8428287506103516
minute,2,2,4.4989142417907715,2.4270260334014893,1.9058572053909302
value,2,1,5.735602378845215,0.3425217270851135,-0.9453128576278687
tough,2,1,4.877655029296875,0.9091671705245972,-1.1251020431518555
rocks,2,1,5.819726943969727,-0.14540249109268188,-0.16792134940624237
rest,2,1,3.5338220596313477,1.5473089218139648,-0.559238612651825
novices,2,1,6.066007614135742,-0.4360086917877197,-0.554996132850647
love,2,1,5.021602630615234,0.30846792459487915,-0.9553938508033752
notification,2,1,6.589609622955322,0.12908701598644257,-0.3423417806625366
charity,2,0,6.261151313781738,0.050199318677186966,-1.8236496448516846
updates,2,1,5.516912937164307,0.192548006772995,-0.08299683034420013
dies,2,0,6.191140174865723,0.14570295810699463,-0.36333122849464417
hair,2,1,6.961872577667236,0.5875093340873718,-0.37979432940483093
sign,2,1,4.896332740783691,0.5711345672607422,-0.8187236189842224
nation,2,1,5.401967525482178,0.752013623714447,-2.463871955871582
member,2,1,6.140305519104004,0.3278384506702423,-0.7789092659950256
virusWelsh,2,-1,0.0,-1.5349303483963013,0.8428287506103516
hand,2,1,4.223531246185303,0.7741103768348694,-0.8327639698982239
residents,2,0,5.070760726928711,1.6079925298690796,-1.9162324666976929
hospitals,2,0,5.751007080078125,1.0636591911315918,-2.0054314136505127
ministers,2,1,6.941072463989258,0.11389647424221039,-2.0022408962249756
workouts,2,1,7.312270641326904,0.8476864099502563,0.5289595127105713
previous,2,1,4.245004177093506,0.8661544322967529,-0.2837371528148651
opJoe,2,-1,0.0,-1.5349303483963013,0.8428287506103516
deaths,2,0,5.563347816467285,0.8139708638191223,-1.2672516107559204
thanks,2,1,4.8892364501953125,0.19267982244491577,-0.678021252155304
runs,2,1,5.2369160652160645,1.0572772026062012,0.33000317215919495
criticised,2,1,5.688559532165527,-0.2783776521682739,-1.6499768495559692
homes,2,0,6.496065616607666,0.7911834716796875,-1.665156364440918
crashing,2,1,5.737750053405762,0.3435348868370056,-0.0638965293765068
dying,2,0,4.797417640686035,0.8220348954200745,-1.0099502801895142
cyclists,2,0,6.698434352874756,0.580763578414917,-0.8458278775215149
staff,2,1,5.484908103942871,1.4963912963867188,-1.204548954963684
staff.14m15,2,-1,0.0,-1.5349303483963013,0.8428287506103516
coronavirus,2,1,7.601245403289795,-0.018010560423135757,-1.3214123249053955
introducing,2,1,4.414450168609619,-0.3806511163711548,-0.9931371212005615
seeing,2,1,3.8019490242004395,1.0131381750106812,-1.0851459503173828
suffered,2,0,5.122871398925781,1.166361927986145,-1.3385895490646362
external,2,1,6.011308670043945,0.17426539957523346,-0.8595006465911865
school,2,1,5.6584153175354,1.2188606262207031,-1.293572187423706
surgery.4h4,2,-1,0.0,-1.5349303483963013,0.8428287506103516
complications,2,0,6.04315185546875,0.7110667824745178,-1.0943071842193604
family,2,1,5.337758541107178,0.8763169646263123,-1.8528660535812378
saying,2,1,4.099523067474365,0.7470086216926575,-1.4964423179626465
selectedCoronavirusCoronavirus,2,-1,0.0,-1.5349303483963013,0.8428287506103516
testing,2,1,6.161586284637451,0.7149950265884399,-1.0963020324707031
developing,2,1,4.979623317718506,0.6987624764442444,-2.1007461547851562
☆,2,3,6.9197306632995605,-1.2114741802215576,2.169785499572754
World,2,1,4.656991004943848,0.7059512734413147,-1.7865835428237915
UKFind,2,-1,0.0,-1.5349303483963013,0.8428287506103516
IndustryBusiness,2,-1,0.0,-1.5349303483963013,0.8428287506103516
"105,000",2,0,5.666089057922363,0.21197514235973358,-0.11949477344751358
Home,2,1,4.718161106109619,1.2828917503356934,-1.0771708488464355
NewsWorldWorld,2,-1,0.0,-1.5349303483963013,0.8428287506103516
2019TechScienceHealthFamily,2,-1,0.0,-1.5349303483963013,0.8428287506103516
agoDerbyRolls,2,-1,0.0,-1.5349303483963013,0.8428287506103516
Car,2,1,6.244778156280518,1.0604033470153809,-0.7328391671180725
agoAre,2,-1,0.0,-1.5349303483963013,0.8428287506103516
44,2,3,3.9775633811950684,0.1140669509768486,2.110473871231079
6,2,3,3.857656478881836,0.52978515625,2.357388496398926
agoLondon,2,-1,0.0,-1.5349303483963013,0.8428287506103516
HomeYoung,2,-1,0.0,-1.5349303483963013,0.8428287506103516
CanadaBusinessBusiness,2,-1,0.0,-1.5349303483963013,0.8428287506103516
HomeParliamentsBrexitElection,2,-1,0.0,-1.5349303483963013,0.8428287506103516
HomeEnglandN.,2,-1,0.0,-1.5349303483963013,0.8428287506103516
HomeAfricaAsiaAustraliaEuropeLatin,2,-1,0.0,-1.5349303483963013,0.8428287506103516
ReadsDisability,2,-1,0.0,-1.5349303483963013,0.8428287506103516
Wizard,2,1,6.426973342895508,-1.2444298267364502,-0.31944870948791504
AmericaMiddle,2,-1,0.0,-1.5349303483963013,0.8428287506103516
Wicks,2,4,7.282894611358643,-1.434912919998169,0.7850283980369568
agoHealthWhy,2,-1,0.0,-1.5349303483963013,0.8428287506103516
Read,2,1,4.813422679901123,0.7707249522209167,-0.033967699855566025
agoLondonLiveLiveCoronavirus,2,-1,0.0,-1.5349303483963013,0.8428287506103516
agoWales,2,-1,0.0,-1.5349303483963013,0.8428287506103516
DataCompaniesEconomyGlobal,2,-1,0.0,-1.5349303483963013,0.8428287506103516
SportPoliticsPolitics,2,-1,0.0,-1.5349303483963013,0.8428287506103516
StoriesMost,2,-1,0.0,-1.5349303483963013,0.8428287506103516
StoriesUKUK,2,-1,0.0,-1.5349303483963013,0.8428287506103516
Scottish,2,4,5.278576850891113,-2.311439275741577,-0.5290014743804932
EastUS,2,-1,0.0,-1.5349303483963013,0.8428287506103516
EducationFamily,2,-1,0.0,-1.5349303483963013,0.8428287506103516
MoneyMarket,2,-1,0.0,-1.5349303483963013,0.8428287506103516
 ,2,-1,0.0,-1.5349303483963013,0.8428287506103516
Education,2,1,5.712996006011963,0.7934817671775818,-2.4279956817626953
ReporterGlobal,2,-1,0.0,-1.5349303483963013,0.8428287506103516
agoScotlandThe,2,-1,0.0,-1.5349303483963013,0.8428287506103516
Explore,1,1,5.344318389892578,0.7890455722808838,-1.2021347284317017
Formula,1,1,6.553714275360107,-0.2868223488330841,-0.7067111134529114
Hit,1,1,5.221993446350098,0.9009334444999695,-0.3598754405975342
saddle7mMore,1,-1,0.0,-1.5349303483963013,0.8428287506103516
secret,1,1,5.142780303955078,0.25990304350852966,-1.1579136848449707
reopen5Two,1,-1,0.0,-1.5349303483963013,0.8428287506103516
HelpParental,1,-1,0.0,-1.5349303483963013,0.8428287506103516
HelpBBC,1,-1,0.0,-1.5349303483963013,0.8428287506103516
E,1,3,6.827176094055176,-0.927405595779419,0.24176938831806183
responsible,1,1,4.694843292236328,0.8602350950241089,-1.9960345029830933
Find,1,1,3.962155818939209,0.8459917902946472,-1.2766380310058594
EnglandMore,1,-1,0.0,-1.5349303483963013,0.8428287506103516
GuidanceContact,1,-1,0.0,-1.5349303483963013,0.8428287506103516
restrict,1,1,5.459114074707031,-0.15855807065963745,-1.3835312128067017
Ground,1,1,4.937259674072266,0.9478373527526855,-0.6257871985435486
Friday36,1,-1,0.0,-1.5349303483963013,0.8428287506103516
Friday20mMore,1,-1,0.0,-1.5349303483963013,0.8428287506103516
says,1,1,4.601475238800049,0.32267093658447266,-1.3353042602539062
GoalsAtHome4h4,1,-1,0.0,-1.5349303483963013,0.8428287506103516
God,1,1,6.009690284729004,-0.3430776596069336,-0.996575653553009
saddle15,1,-1,0.0,-1.5349303483963013,0.8428287506103516
boysYoung,1,-1,0.0,-1.5349303483963013,0.8428287506103516
readLatest,1,-1,0.0,-1.5349303483963013,0.8428287506103516
LiveOriginal,1,-1,0.0,-1.5349303483963013,0.8428287506103516
International,1,1,5.598509311676025,0.49539807438850403,-1.821838140487671
IrelandTop,1,-1,0.0,-1.5349303483963013,0.8428287506103516
partying,1,1,6.311516284942627,0.22063224017620087,-0.037738073617219925
Juan,1,4,5.7868123054504395,-1.9843311309814453,0.19760222733020782
Korean,1,4,6.161900043487549,-1.5002764463424683,-0.40179020166397095
LiveAudioBBC,1,-1,0.0,-1.5349303483963013,0.8428287506103516
outdoor,1,1,6.867146968841553,0.3835675120353699,-0.39733314514160156
outbreak,1,0,6.451355934143066,0.1416023075580597,-1.1676690578460693
read1Government,1,-1,0.0,-1.5349303483963013,0.8428287506103516
LiveVideoBBC,1,-1,0.0,-1.5349303483963013,0.8428287506103516
Local,1,1,5.06748104095459,1.1300228834152222,-1.612779140472412
Long,1,1,4.081937789916992,1.7460023164749146,-0.16263717412948608
op4Queues,1,-1,0.0,-1.5349303483963013,0.8428287506103516
offender,1,0,5.799187660217285,-0.06892205029726028,-1.1829109191894531
MMS,1,4,7.138375759124756,-1.1479675769805908,0.03060004860162735
number,1,1,4.778113842010498,1.0091667175292969,-0.5607162714004517
patients,1,0,6.342289924621582,2.051537036895752,-1.2197054624557495
pay,1,1,5.093503475189209,1.3495980501174927,-1.1896857023239136
photo?‘I,1,-1,0.0,-1.5349303483963013,0.8428287506103516
pictures,1,1,5.64284086227417,0.1152205690741539,-0.4011979401111603
read,1,1,4.813422679901123,0.7707249522209167,-0.033967699855566025
radio,1,1,6.694985389709473,0.14597205817699432,-0.5970543622970581
Home,1,1,4.718161106109619,1.2828925848007202,-1.0771783590316772
pursuit,1,1,5.2182440757751465,0.156442329287529,-1.2656837701797485
public,1,1,4.907436847686768,1.2390739917755127,-1.9924331903457642
secretary,1,1,6.432406425476074,-0.17412631213665009,-1.1232346296310425
prayed,1,1,6.917423725128174,0.7708058953285217,-0.1900869905948639
postponedAquarium,1,-1,0.0,-1.5349303483963013,0.8428287506103516
politicsTests,1,-1,0.0,-1.5349303483963013,0.8428287506103516
politicsRolls,1,-1,0.0,-1.5349303483963013,0.8428287506103516
HomepageAccessibility,1,-1,0.0,-1.5349303483963013,0.8428288698196411
House,1,1,5.045064926147461,0.8742485046386719,-0.7800770998001099
please'Striking,1,-1,0.0,-1.5349303483963013,0.8428287506103516
pleads,1,0,5.759455680847168,-0.017759211361408234,-0.8276662826538086
India,1,4,6.1004958152771,-1.332352876663208,-1.2853904962539673
Doncaster,1,4,5.247933387756348,-2.099682331085205,0.10195936262607574
settings,1,1,6.632070064544678,0.36963140964508057,-0.30547985434532166
sectionsEnglandN.,1,-1,0.0,-1.5349303483963013,0.8428287506103516
vulnerable'2Boris,1,-1,0.0,-1.5349303483963013,0.8428287506103516
"100,000",1,0,5.544180870056152,0.6389471292495728,0.09875234961509705
video,1,1,5.83662223815918,0.27865204215049744,-0.23450884222984314
121,1,3,4.405517578125,-0.3358684182167053,2.097771406173706
17,1,3,4.265106201171875,0.4682268500328064,1.9175200462341309
2020,1,3,6.758892059326172,-0.4453013837337494,0.44225507974624634
trust,1,1,4.6745734214782715,0.19689591228961945,-2.155795097351074
229,1,3,4.6884446144104,-0.6769276261329651,1.9953253269195557
5,1,3,3.7976505756378174,0.6280823349952698,2.2906267642974854
tournament,1,1,6.741405487060547,0.32949259877204895,-0.392991304397583
61124Follow,1,-1,0.0,-1.5349303483963013,0.8428287506103516
touchEmail,1,-1,0.0,-1.5349303483963013,0.8428287506103516
AccountNotificationsHomeNewsSportWeatheriPlayerSoundsCBBCCBeebiesFoodBitesizeArtsTasterLocalThreeMenuSearchSearch,1,-1,0.0,-1.5349303483963013,0.8428287506103516
today'VideoVideoWhy,1,-1,0.0,-1.5349303483963013,0.8428287506103516
toast,1,1,6.625636100769043,-0.32738709449768066,0.5926371216773987
title,1,1,5.881717681884766,-0.4283841550350189,-0.22843943536281586
vote1han,1,-1,0.0,-1.5349303483963013,0.8428287506103516
10,1,3,3.8196866512298584,0.9025259613990784,2.1152782440185547
sectionsHomeHome,1,-1,0.0,-1.5349303483963013,0.8428287506103516
watched1VideoHow,1,-1,0.0,-1.5349303483963013,0.8428287506103516
"










",1,-1,0.0,-1.5349303483963013,0.8428287506103516
©,1,1,6.4907612800598145,-0.828254222869873,-0.8398627638816833
"

















",1,-1,0.0,-1.534928798675537,0.8428212404251099
years,1,1,4.9315104484558105,2.0246622562408447,0.08384254574775696
write’Searching,1,-1,0.0,-1.5349303483963013,0.8428287506103516
worldCoronavirus,1,-1,0.0,-1.5349303483963013,0.8428287506103516
world,1,1,4.656991004943848,0.7059512734413147,-1.7865835428237915
"












































    






























































































  
   ",1,-1,0.0,-1.5349303483963013,0.8428288102149963
workers,1,0,5.364680767059326,1.7928093671798706,-2.0183956623077393
"
 ",1,-1,0.0,-1.5349303483963013,0.8428287506103516
weeks5VideoBBC,1,-1,0.0,-1.5349303483963013,0.8428287506103516
weekday,1,1,6.211091995239258,1.1371930837631226,1.1146509647369385
weddingWhy,1,-1,0.0,-1.5349303483963013,0.8428287506103516
we?Why,1,-1,0.0,-1.5349303483963013,0.8428287506103516
" 




",1,-1,0.0,-1.5349303483963013,0.8428287506103516
All'I,1,-1,0.0,-1.5349303483963013,0.8428287506103516
AllHow,1,-1,0.0,-1.5349303483963013,0.8428287506103516
AllLive2017,1,-1,0.0,-1.5349303483963013,0.8428287506103516
textWomen,1,-1,0.0,-1.5349303483963013,0.8428287506103516
Channel,1,1,6.48438835144043,-0.041288893669843674,-0.13830195367336273
son3The,1,-1,0.0,-1.5349303483963013,0.8428287506103516
smoking,1,1,6.363994598388672,0.6361419558525085,-0.8484154939651489
skinned,1,1,6.858333587646484,-0.7345913648605347,0.2671813666820526
sites,1,1,6.137732028961182,0.5658542513847351,-1.1954644918441772
signing,1,1,5.598370552062988,0.28802308440208435,-0.5963943600654602
ChannelThe,1,-1,0.0,-1.5349303483963013,0.8428287506103516
Chazelle,1,-1,0.0,-1.5349303483963013,0.8428287506103516
CommentsUS,1,-1,0.0,-1.5349303483963013,0.8428287506103516
setting,1,1,4.736208438873291,1.048879623413086,-0.7077583074569702
CricketBeaumont,1,-1,0.0,-1.5349303483963013,0.8428287506103516
seriously,1,1,3.9371213912963867,0.7890853881835938,-1.4898695945739746
selling,1,1,5.092860698699951,0.23978286981582642,-1.0548063516616821
selectedCoronavirusUKWorldBusinessPoliticsTechScienceHealthFamily,1,-1,0.0,-1.5349303483963013,0.8428287506103516
Cup,1,1,7.400923252105713,0.2248101681470871,0.8122664093971252
spokeswoman3VideoTwelve,1,-1,0.0,-1.5349303483963013,0.8428287506103516
Change,1,1,4.043328285217285,0.8422240018844604,-1.326142430305481
Challenge,1,1,4.733193874359131,0.7700043320655823,-1.2453281879425049
BBCHomeNewsSportWeatheriPlayerSoundsCBBCCBeebiesFoodBitesizeArtsTasterLocalThree,1,-1,0.0,-1.5349303483963013,0.8428287506103516
AllVideoVideoHow,1,-1,0.0,-1.5349303483963013,0.8428287506103516
AppGet,1,-1,0.0,-1.5349303483963013,0.8428287506103516
teen,1,1,7.272337436676025,-0.004114549607038498,-1.2153438329696655
teacher,1,1,6.025071620941162,0.6886253356933594,-1.1215238571166992
BBC,1,4,4.706283092498779,-2.209007740020752,-0.13944850862026215
BBCGet,1,-1,0.0,-1.5349303483963013,0.8428287506103516
BBCPrivacy,1,-1,0.0,-1.5349303483963013,0.8428287506103516
BreakingBreaking,1,-1,0.0,-1.5349303483963013,0.8428287506103516
BBCSearch,1,-1,0.0,-1.5349303483963013,0.8428287506103516
Belgium,1,4,5.402011871337891,-2.2580459117889404,-0.23671141266822815
BelgiumDamien,1,-1,0.0,-1.5349303483963013,0.8428287506103516
storiesAudioListen,1,-1,0.0,-1.5349303483963013,0.8428287506103516
Bernie,1,4,5.337442874908447,-2.9615719318389893,0.42339766025543213
stop,1,1,4.455447673797607,1.4394863843917847,-0.8143800497055054
Mata,1,4,7.42607307434082,-2.475881576538086,0.9471970200538635
nationFind,1,-1,0.0,-1.5349303483963013,0.8428287506103516
newsletterGet,1,-1,0.0,-1.5349303483963013,0.8428287506103516
eSports,1,4,8.144465446472168,-2.989954710006714,0.46947190165519714
UseAbout,1,-1,0.0,-1.5349303483963013,0.8428287506103516
equal,1,1,5.018544673919678,0.6189272999763489,-0.4778437912464142
WalesMore,1,-1,0.0,-1.5349303483963013,0.8428287506103516
enjoys,1,1,5.672965049743652,0.13807763159275055,-0.6348492503166199
elected,1,1,6.342613697052002,0.3535434901714325,-1.5432275533676147
eelsDark,1,-1,0.0,-1.5349303483963013,0.8428287506103516
White,1,1,6.0050458908081055,0.0893794521689415,-0.34478339552879333
drinking,1,1,6.228431224822998,0.9782437682151794,-0.7982189059257507
gaming,1,1,6.857504367828369,0.25146937370300293,-0.5781521797180176
dreams2h2,1,-1,0.0,-1.5349303483963013,0.8428287506103516
Women,1,1,6.239165306091309,0.8863966464996338,-1.9588266611099243
dismissed,1,0,5.542356967926025,0.2752261161804199,-0.8863484263420105
disappeared,1,1,5.064630508422852,0.7366999387741089,-0.3623981177806854
dinosaur,1,1,6.616692066192627,-0.7485565543174744,-0.178071066737175
York,1,4,5.3054962158203125,-1.2690377235412598,-0.8453373312950134
Zero,1,1,5.048192024230957,0.4144660532474518,-0.3693620264530182
exclusive,1,1,5.60685396194458,-0.010743385180830956,-0.3360677659511566
exec,1,1,6.1049418449401855,0.17829737067222595,-1.5151740312576294
exercise,1,1,6.157189846038818,1.2154005765914917,-0.7716712951660156
explainedSee,1,-1,0.0,-1.5349303483963013,0.8428287506103516
Terms,1,1,4.456432342529297,0.5409421920776367,-1.3690688610076904
friends'Live,1,-1,0.0,-1.5349303483963013,0.8428287506103516
friends'36m'It,1,-1,0.0,-1.5349303483963013,0.8428287506103516
freedom,1,1,5.429955005645752,0.45897674560546875,-1.9301010370254517
Tracking,1,1,5.807949066162109,0.2806664705276489,-0.7699122428894043
fostering,1,0,5.619943141937256,0.02708899974822998,-2.28495454788208
follow,1,1,4.302977561950684,0.9653664231300354,-0.750741183757782
Trump,1,1,5.449145317077637,-1.3906313180923462,-0.880961000919342
final,1,1,5.277193546295166,1.0245990753173828,0.010312306694686413
fight,1,1,5.611377239227295,0.9318898320198059,-1.6025407314300537
TwitterWhy,1,-1,0.0,-1.5349303483963013,0.8428287506103516
TwoMotorsportFrom,1,-1,0.0,-1.5349303483963013,0.8428287506103516
UKChange,1,-1,0.0,-1.5349303483963013,0.8428287506103516
faces9JK,1,-1,0.0,-1.5349303483963013,0.8428287506103516
Union,1,1,5.922267913818359,0.27397868037223816,-1.7196437120437622
debut,1,1,6.498669624328613,-0.4525749087333679,0.3062661588191986
account,1,1,5.478024482727051,0.6951552629470825,-0.9847359657287598
day?How,1,-1,0.0,-1.5349303483963013,0.8428287506103516
coinsVideoWatch,1,-1,0.0,-1.5349303483963013,0.8428287506103516
claims,1,0,5.025191783905029,0.6487285494804382,-1.6914743185043335
claim,1,1,5.210690975189209,0.7001712322235107,-1.444885492324829
chief,1,1,6.32381010055542,0.17382259666919708,-1.6942672729492188
chat,1,1,6.2516560554504395,0.17627540230751038,-0.46116480231285095
appFind,1,-1,0.0,-1.5349303483963013,0.8428287506103516
approach,1,1,4.791714191436768,0.6721319556236267,-1.7937147617340088
charities10Why,1,-1,0.0,-1.5349303483963013,0.8428287506103516
are'Free,1,-1,0.0,-1.5349303483963013,0.8428287506103516
area?Will,1,-1,0.0,-1.5349303483963013,0.8428287506103516
chairman13m13,1,-1,0.0,-1.5349303483963013,0.8428287506103516
beats,1,1,5.8509955406188965,0.08882051706314087,0.2797301113605499
begin?'With,1,-1,0.0,-1.5349303483963013,0.8428287506103516
best,1,1,4.038980960845947,0.5154079794883728,-1.0939393043518066
cancelled,1,1,5.7606682777404785,0.3171983063220978,0.1365250200033188
better,1,1,3.6211533546447754,0.9477798342704773,-1.2515552043914795
agoRugby,1,-1,0.0,-1.5349303483963013,0.8428287506103516
agoNow,1,-1,0.0,-1.5349302291870117,0.8428288102149963
accountClose,1,-1,0.0,-1.5349303483963013,0.8428287506103516
confirmed,1,1,5.198197364807129,0.7063339948654175,-0.5129132866859436
daily,1,1,5.922150135040283,1.8634775876998901,0.01168612390756607
ads,1,1,6.516012668609619,-0.08648631721735,-0.6142042875289917
again'I'm,1,-1,0.0,-1.5349303483963013,0.8428287506103516
"



",1,-1,0.0,-1.5349303483963013,0.8428287506103516
ago6,1,-1,0.0,-1.5349303483963013,0.8428287506103516
agoBoxingVideoVideoYour,1,-1,0.0,-1.5349303483963013,0.8428287506103516
court6h6,1,-1,0.0,-1.5349303483963013,0.8428287506103516
coronavirusLive,1,-1,0.0,-1.5349303483963013,0.8428287506103516
coronavirus15mSenior,1,-1,0.0,-1.5349303483963013,0.8428287506103516
agoFootball,1,-1,0.0,-1.5349303483963013,0.8428287506103516
agoFootballLiveWatch,1,-1,0.0,-1.5349303483963013,0.8428287506103516
agoFootballSPFL,1,-1,0.0,-1.5349303483963013,0.8428287506103516
contentAccessibility,1,-1,0.0,-1.5349302291870117,0.8428287506103516
content,1,1,5.898108005523682,0.5532726049423218,-0.7534264922142029
agoHealthTests,1,-1,0.0,-1.5349303483963013,0.8428287506103516
gambling,1,1,6.69730806350708,-0.17851707339286804,-1.5820571184158325
girl'What,1,-1,0.0,-1.5349303483963013,0.8428287506103516
newsSign,1,-1,0.0,-1.5349303483963013,0.8428287506103516
Northern,1,1,6.254063129425049,0.2343427687883377,-1.27521550655365
NewsNews,1,-1,0.0,-1.5349303483963013,0.8428287506103516
NewsbeatSee,1,-1,0.0,-1.5349303483963013,0.8428287506103516
Newscast,1,1,6.394333362579346,0.30553221702575684,-0.40015435218811035
masks?Coronavirus,1,-1,0.0,-1.5349303483963013,0.8428287506103516
NewslettersCopyright,1,-1,0.0,-1.5349303483963013,0.8428287506103516
man,1,1,5.2005743980407715,0.9490580558776855,-1.2399722337722778
North,1,3,6.035004615783691,0.4675625264644623,-0.4703402817249298
Personalised,1,1,6.316854953765869,-0.17633365094661713,-1.3995474576950073
girls,1,1,6.156458377838135,0.44205033779144287,-0.993630588054657
lockdownThe,1,-1,0.0,-1.5349303483963013,0.8428287506103516
Pichot,1,-1,0.0,-1.5349303483963013,0.8428287506103516
lockdown?7Rolls,1,-1,0.0,-1.5349303483963013,0.8428287506103516
lockdown2VideoI'll,1,-1,0.0,-1.5349303483963013,0.8428287506103516
PolicyCookiesAccessibility,1,-1,0.0,-1.5349303483963013,0.8428287506103516
Race,1,1,6.292953968048096,0.8775568604469299,-0.8601136207580566
local,1,1,5.06748104095459,1.1300228834152222,-1.612779140472412
NewsMore,1,-1,0.0,-1.5349303483963013,0.8428287506103516
miss,1,1,4.398266315460205,0.34448760747909546,-0.3122445344924927
mistake,1,1,4.279469013214111,0.48157835006713867,-1.0125192403793335
News,1,1,5.211368560791016,0.2647271454334259,-1.3160812854766846
newsGet,1,-1,0.0,-1.5349303483963013,0.8428287506103516
newsClose,1,-1,0.0,-1.5349303483963013,0.8428287506103516
Music,1,1,6.178043365478516,0.3363230526447296,-0.6183213591575623
new,1,1,4.189630031585693,0.3054708242416382,-1.1642494201660156
NHS7,1,-1,0.0,-1.5349303483963013,0.8428287506103516
need,1,1,3.5448381900787354,1.2315983772277832,-1.4440531730651855
NHSNowMusic,1,-1,0.0,-1.5349303483963013,0.8428287506103516
bombarded,1,1,5.434687614440918,0.6259198784828186,-1.138352632522583
NavigationSectionsHomeHome,1,-1,0.0,-1.5349303483963013,0.8428287506103516
nationChange,1,-1,0.0,-1.5349303483963013,0.8428287506103516
NavigationSectionsSectionsHomeHome,1,-1,0.0,-1.5349303483963013,0.8428287506103516
mystified,1,1,5.725196838378906,-0.47606006264686584,-0.29974886775016785
Netflix,1,4,7.191783428192139,-1.4424601793289185,0.6540970206260681
murder6Are,1,-1,0.0,-1.5349303483963013,0.8428287506103516
morningMobile,1,-1,0.0,-1.5349303483963013,0.8428287506103516
linksSkip,1,-1,0.0,-1.5349303483963013,0.8428288102149963
linking,1,1,5.232868194580078,-0.16676390171051025,-1.1323765516281128
Radio,1,1,6.694985389709473,0.14597205817699432,-0.5970543622970581
Round,1,1,5.3505706787109375,0.8983339667320251,0.30129769444465637
SIM,1,1,6.676388740539551,-1.0726526975631714,0.18798212707042694
homes6m121,1,-1,0.0,-1.5349303483963013,0.8428287506103516
homes20,1,-1,0.0,-1.5349303483963013,0.8428287506103516
SMS,1,4,7.138375759124756,-1.1479675769805908,0.03060004860162735
ScotlandMore,1,-1,0.0,-1.5349303483963013,0.8428287506103516
hoardThe,1,-1,0.0,-1.5349303483963013,0.8428287506103516
hereNews,1,-1,0.0,-1.5349303483963013,0.8428287506103516
SeeNo,1,-1,0.0,-1.5349303483963013,0.8428287506103516
Senior,1,1,5.890304088592529,0.6193036437034607,-1.438389778137207
headlines,1,1,4.891488075256348,-0.41561612486839294,-0.8546857237815857
haveyoursay@bbc.co.ukSend,1,-1,0.0,-1.5349303483963013,0.8428287506103516
haunt,1,1,5.323751926422119,-0.2692505419254303,-0.5649001002311707
happened,1,1,4.550191879272461,1.2577803134918213,-0.6673285961151123
SportSee,1,-1,0.0,-1.5349303483963013,0.8428287506103516
StoryA,1,-1,0.0,-1.5349303483963013,0.8428287506103516
Rugby,1,1,6.829624652862549,-0.6440891027450562,-0.8144621849060059
Rewind,1,1,5.665750503540039,0.7198363542556763,0.5121564269065857
Rangers,1,4,6.492116928100586,-0.8481077551841736,-0.2963295876979828
important,1,1,4.056795120239258,1.160325288772583,-2.0863757133483887
line4VideoSpain,1,-1,0.0,-1.5349303483963013,0.8428287506103516
life'New,1,-1,0.0,-1.5349303483963013,0.8428287506103516
lie,1,1,4.779320240020752,0.4639245569705963,-0.9141076803207397
ReadSkip,1,-1,0.0,-1.5349303483963013,0.8428287506103516
latest,1,1,4.822266101837158,0.024573827162384987,-0.7283433079719543
later,1,1,4.2376837730407715,1.6756999492645264,-0.13870280981063843
jobs'8Eurostar,1,-1,0.0,-1.5349303483963013,0.8428287506103516
ReadsDisabilityMore,1,-1,0.0,-1.5349303483963013,0.8428287506103516
interviews'Can,1,-1,0.0,-1.5349303483963013,0.8428287506103516
internet,1,1,6.02429723739624,0.49377381801605225,-1.159356951713562
international,1,1,5.598509311676025,0.49539807438850403,-1.821838140487671
ReadsSee,1,-1,0.0,-1.5349303483963013,0.8428287506103516
RegisterFind,1,-1,0.0,-1.5349303483963013,0.8428287506103516
inbox,1,1,6.375732898712158,-0.3777143955230713,0.08778266608715057
inStart,1,-1,0.0,-1.5349303483963013,0.8428287506103516
"


",1,-1,0.0,-1.5349303483963013,0.8428287506103516
